run_id,strategy,seed,step,state_before,state_after,locked
process__short_pulse__track__m10.0mhz__s20260900,short_pulse,20260900,0,acquire,track,True
process__short_pulse__track__m10.0mhz__s20260900,short_pulse,20260900,1,track,track,True
process__short_pulse__track__m10.0mhz__s20260900,short_pulse,20260900,2,track,track,True
process__short_pulse__track__m10.0mhz__s20260900,short_pulse,20260900,3,track,verify,True
process__short_pulse__track__m10.0mhz__s20260900,short_pulse,20260900,4,verify,track,True
process__short_pulse__track__m10.0mhz__s20260900,short_pulse,20260900,5,track,verify,True
process__short_pulse__track__m10.0mhz__s20260900,short_pulse,20260900,6,verify,track,True
process__short_pulse__track__m10.0mhz__s20260900,short_pulse,20260900,7,track,verify,True
process__short_pulse__track__m10.0mhz__s20260900,short_pulse,20260900,8,verify,track,True
process__short_pulse__track__m10.0mhz__s20260900,short_pulse,20260900,9,track,verify,True
process__short_pulse__track__m10.0mhz__s20260900,short_pulse,20260900,10,verify,verify,True
process__short_pulse__track__m10.0mhz__s20260900,short_pulse,20260900,11,verify,lock,True
process__short_pulse__track__m10.0mhz__s20260900,short_pulse,20260900,12,lock,verify,True
process__short_pulse__track__m10.0mhz__s20260900,short_pulse,20260900,13,safe_stop,safe_stop,True
process__ramsey_baseline__track__m10.0mhz__s20260900,ramsey_baseline,20260900,0,acquire,track,False
process__ramsey_baseline__track__m10.0mhz__s20260900,ramsey_baseline,20260900,1,track,track,False
process__ramsey_baseline__track__m10.0mhz__s20260900,ramsey_baseline,20260900,2,track,track,False
process__ramsey_baseline__track__m10.0mhz__s20260900,ramsey_baseline,20260900,3,track,verify,False
process__ramsey_baseline__track__m10.0mhz__s20260900,ramsey_baseline,20260900,4,verify,track,False
process__ramsey_baseline__track__m10.0mhz__s20260900,ramsey_baseline,20260900,5,track,verify,False
process__ramsey_baseline__track__m10.0mhz__s20260900,ramsey_baseline,20260900,6,verify,track,False
process__ramsey_baseline__track__m10.0mhz__s20260900,ramsey_baseline,20260900,7,track,verify,False
process__ramsey_baseline__track__m10.0mhz__s20260900,ramsey_baseline,20260900,8,verify,track,False
process__ramsey_baseline__track__m10.0mhz__s20260900,ramsey_baseline,20260900,9,track,verify,False
process__ramsey_baseline__track__m10.0mhz__s20260900,ramsey_baseline,20260900,10,verify,track,False
process__ramsey_baseline__track__m10.0mhz__s20260900,ramsey_baseline,20260900,11,track,verify,False
process__ramsey_baseline__track__m10.0mhz__s20260900,ramsey_baseline,20260900,12,verify,track,False
process__ramsey_baseline__track__m10.0mhz__s20260900,ramsey_baseline,20260900,13,track,verify,False
process__ramsey_baseline__track__m10.0mhz__s20260900,ramsey_baseline,20260900,14,verify,track,False
process__ramsey_baseline__track__m10.0mhz__s20260900,ramsey_baseline,20260900,15,track,verify,False
process__ramsey_baseline__track__m10.0mhz__s20260900,ramsey_baseline,20260900,16,verify,track,False
process__ramsey_baseline__track__m10.0mhz__s20260900,ramsey_baseline,20260900,17,track,verify,False
process__ramsey_baseline__track__m10.0mhz__s20260900,ramsey_baseline,20260900,18,verify,track,False
process__ramsey_baseline__track__m10.0mhz__s20260900,ramsey_baseline,20260900,19,track,verify,False
process__ramsey_baseline__track__m10.0mhz__s20260900,ramsey_baseline,20260900,20,safe_stop,safe_stop,False
process__short_pulse__track__m10.0mhz__s20260901,short_pulse,20260901,0,acquire,track,False
process__short_pulse__track__m10.0mhz__s20260901,short_pulse,20260901,1,track,track,False
process__short_pulse__track__m10.0mhz__s20260901,short_pulse,20260901,2,track,track,False
process__short_pulse__track__m10.0mhz__s20260901,short_pulse,20260901,3,track,verify,False
process__short_pulse__track__m10.0mhz__s20260901,short_pulse,20260901,4,verify,track,False
process__short_pulse__track__m10.0mhz__s20260901,short_pulse,20260901,5,track,verify,False
process__short_pulse__track__m10.0mhz__s20260901,short_pulse,20260901,6,verify,track,False
process__short_pulse__track__m10.0mhz__s20260901,short_pulse,20260901,7,track,verify,False
process__short_pulse__track__m10.0mhz__s20260901,short_pulse,20260901,8,verify,track,False
process__short_pulse__track__m10.0mhz__s20260901,short_pulse,20260901,9,track,verify,False
process__short_pulse__track__m10.0mhz__s20260901,short_pulse,20260901,10,verify,track,False
process__short_pulse__track__m10.0mhz__s20260901,short_pulse,20260901,11,track,verify,False
process__short_pulse__track__m10.0mhz__s20260901,short_pulse,20260901,12,verify,track,False
process__short_pulse__track__m10.0mhz__s20260901,short_pulse,20260901,13,track,verify,False
process__short_pulse__track__m10.0mhz__s20260901,short_pulse,20260901,14,verify,track,False
process__short_pulse__track__m10.0mhz__s20260901,short_pulse,20260901,15,track,verify,False
process__short_pulse__track__m10.0mhz__s20260901,short_pulse,20260901,16,verify,track,False
process__short_pulse__track__m10.0mhz__s20260901,short_pulse,20260901,17,track,verify,False
process__short_pulse__track__m10.0mhz__s20260901,short_pulse,20260901,18,verify,track,False
process__short_pulse__track__m10.0mhz__s20260901,short_pulse,20260901,19,track,track,False
process__short_pulse__track__m10.0mhz__s20260901,short_pulse,20260901,20,safe_stop,safe_stop,False
process__ramsey_baseline__track__m10.0mhz__s20260901,ramsey_baseline,20260901,0,acquire,track,True
process__ramsey_baseline__track__m10.0mhz__s20260901,ramsey_baseline,20260901,1,track,track,True
process__ramsey_baseline__track__m10.0mhz__s20260901,ramsey_baseline,20260901,2,track,track,True
process__ramsey_baseline__track__m10.0mhz__s20260901,ramsey_baseline,20260901,3,track,verify,True
process__ramsey_baseline__track__m10.0mhz__s20260901,ramsey_baseline,20260901,4,verify,verify,True
process__ramsey_baseline__track__m10.0mhz__s20260901,ramsey_baseline,20260901,5,verify,track,True
process__ramsey_baseline__track__m10.0mhz__s20260901,ramsey_baseline,20260901,6,track,verify,True
process__ramsey_baseline__track__m10.0mhz__s20260901,ramsey_baseline,20260901,7,verify,verify,True
process__ramsey_baseline__track__m10.0mhz__s20260901,ramsey_baseline,20260901,8,verify,lock,True
process__ramsey_baseline__track__m10.0mhz__s20260901,ramsey_baseline,20260901,9,lock,verify,True
process__ramsey_baseline__track__m10.0mhz__s20260901,ramsey_baseline,20260901,10,safe_stop,safe_stop,True
process__short_pulse__track__m10.0mhz__s20260902,short_pulse,20260902,0,acquire,track,True
process__short_pulse__track__m10.0mhz__s20260902,short_pulse,20260902,1,track,track,True
process__short_pulse__track__m10.0mhz__s20260902,short_pulse,20260902,2,track,track,True
process__short_pulse__track__m10.0mhz__s20260902,short_pulse,20260902,3,track,verify,True
process__short_pulse__track__m10.0mhz__s20260902,short_pulse,20260902,4,verify,track,True
process__short_pulse__track__m10.0mhz__s20260902,short_pulse,20260902,5,track,verify,True
process__short_pulse__track__m10.0mhz__s20260902,short_pulse,20260902,6,verify,track,True
process__short_pulse__track__m10.0mhz__s20260902,short_pulse,20260902,7,track,track,True
process__short_pulse__track__m10.0mhz__s20260902,short_pulse,20260902,8,track,verify,True
process__short_pulse__track__m10.0mhz__s20260902,short_pulse,20260902,9,verify,track,True
process__short_pulse__track__m10.0mhz__s20260902,short_pulse,20260902,10,track,verify,True
process__short_pulse__track__m10.0mhz__s20260902,short_pulse,20260902,11,verify,verify,True
process__short_pulse__track__m10.0mhz__s20260902,short_pulse,20260902,12,verify,lock,True
process__short_pulse__track__m10.0mhz__s20260902,short_pulse,20260902,13,lock,verify,True
process__short_pulse__track__m10.0mhz__s20260902,short_pulse,20260902,14,safe_stop,safe_stop,True
process__ramsey_baseline__track__m10.0mhz__s20260902,ramsey_baseline,20260902,0,acquire,track,True
process__ramsey_baseline__track__m10.0mhz__s20260902,ramsey_baseline,20260902,1,track,track,True
process__ramsey_baseline__track__m10.0mhz__s20260902,ramsey_baseline,20260902,2,track,track,True
process__ramsey_baseline__track__m10.0mhz__s20260902,ramsey_baseline,20260902,3,track,verify,True
process__ramsey_baseline__track__m10.0mhz__s20260902,ramsey_baseline,20260902,4,verify,track,True
process__ramsey_baseline__track__m10.0mhz__s20260902,ramsey_baseline,20260902,5,track,verify,True
process__ramsey_baseline__track__m10.0mhz__s20260902,ramsey_baseline,20260902,6,verify,track,True
process__ramsey_baseline__track__m10.0mhz__s20260902,ramsey_baseline,20260902,7,track,track,True
process__ramsey_baseline__track__m10.0mhz__s20260902,ramsey_baseline,20260902,8,track,track,True
process__ramsey_baseline__track__m10.0mhz__s20260902,ramsey_baseline,20260902,9,track,verify,True
process__ramsey_baseline__track__m10.0mhz__s20260902,ramsey_baseline,20260902,10,verify,verify,True
process__ramsey_baseline__track__m10.0mhz__s20260902,ramsey_baseline,20260902,11,verify,lock,True
process__ramsey_baseline__track__m10.0mhz__s20260902,ramsey_baseline,20260902,12,lock,verify,True
process__ramsey_baseline__track__m10.0mhz__s20260902,ramsey_baseline,20260902,13,safe_stop,safe_stop,True
process__short_pulse__track__m10.0mhz__s20260903,short_pulse,20260903,0,acquire,track,True
process__short_pulse__track__m10.0mhz__s20260903,short_pulse,20260903,1,track,track,True
process__short_pulse__track__m10.0mhz__s20260903,short_pulse,20260903,2,track,track,True
process__short_pulse__track__m10.0mhz__s20260903,short_pulse,20260903,3,track,verify,True
process__short_pulse__track__m10.0mhz__s20260903,short_pulse,20260903,4,verify,track,True
process__short_pulse__track__m10.0mhz__s20260903,short_pulse,20260903,5,track,verify,True
process__short_pulse__track__m10.0mhz__s20260903,short_pulse,20260903,6,verify,track,True
process__short_pulse__track__m10.0mhz__s20260903,short_pulse,20260903,7,track,verify,True
process__short_pulse__track__m10.0mhz__s20260903,short_pulse,20260903,8,verify,verify,True
process__short_pulse__track__m10.0mhz__s20260903,short_pulse,20260903,9,verify,lock,True
process__short_pulse__track__m10.0mhz__s20260903,short_pulse,20260903,10,lock,verify,True
process__short_pulse__track__m10.0mhz__s20260903,short_pulse,20260903,11,safe_stop,safe_stop,True
process__ramsey_baseline__track__m10.0mhz__s20260903,ramsey_baseline,20260903,0,acquire,track,True
process__ramsey_baseline__track__m10.0mhz__s20260903,ramsey_baseline,20260903,1,track,track,True
process__ramsey_baseline__track__m10.0mhz__s20260903,ramsey_baseline,20260903,2,track,track,True
process__ramsey_baseline__track__m10.0mhz__s20260903,ramsey_baseline,20260903,3,track,verify,True
process__ramsey_baseline__track__m10.0mhz__s20260903,ramsey_baseline,20260903,4,verify,track,True
process__ramsey_baseline__track__m10.0mhz__s20260903,ramsey_baseline,20260903,5,track,verify,True
process__ramsey_baseline__track__m10.0mhz__s20260903,ramsey_baseline,20260903,6,verify,track,True
process__ramsey_baseline__track__m10.0mhz__s20260903,ramsey_baseline,20260903,7,track,track,True
process__ramsey_baseline__track__m10.0mhz__s20260903,ramsey_baseline,20260903,8,track,verify,True
process__ramsey_baseline__track__m10.0mhz__s20260903,ramsey_baseline,20260903,9,verify,verify,True
process__ramsey_baseline__track__m10.0mhz__s20260903,ramsey_baseline,20260903,10,verify,lock,True
process__ramsey_baseline__track__m10.0mhz__s20260903,ramsey_baseline,20260903,11,lock,verify,True
process__ramsey_baseline__track__m10.0mhz__s20260903,ramsey_baseline,20260903,12,safe_stop,safe_stop,True
process__short_pulse__track__m10.0mhz__s20260904,short_pulse,20260904,0,acquire,track,True
process__short_pulse__track__m10.0mhz__s20260904,short_pulse,20260904,1,track,track,True
process__short_pulse__track__m10.0mhz__s20260904,short_pulse,20260904,2,track,track,True
process__short_pulse__track__m10.0mhz__s20260904,short_pulse,20260904,3,track,verify,True
process__short_pulse__track__m10.0mhz__s20260904,short_pulse,20260904,4,verify,track,True
process__short_pulse__track__m10.0mhz__s20260904,short_pulse,20260904,5,track,verify,True
process__short_pulse__track__m10.0mhz__s20260904,short_pulse,20260904,6,verify,track,True
process__short_pulse__track__m10.0mhz__s20260904,short_pulse,20260904,7,track,verify,True
process__short_pulse__track__m10.0mhz__s20260904,short_pulse,20260904,8,verify,track,True
process__short_pulse__track__m10.0mhz__s20260904,short_pulse,20260904,9,track,verify,True
process__short_pulse__track__m10.0mhz__s20260904,short_pulse,20260904,10,verify,verify,True
process__short_pulse__track__m10.0mhz__s20260904,short_pulse,20260904,11,verify,lock,True
process__short_pulse__track__m10.0mhz__s20260904,short_pulse,20260904,12,lock,verify,True
process__short_pulse__track__m10.0mhz__s20260904,short_pulse,20260904,13,safe_stop,safe_stop,True
process__ramsey_baseline__track__m10.0mhz__s20260904,ramsey_baseline,20260904,0,acquire,track,True
process__ramsey_baseline__track__m10.0mhz__s20260904,ramsey_baseline,20260904,1,track,track,True
process__ramsey_baseline__track__m10.0mhz__s20260904,ramsey_baseline,20260904,2,track,track,True
process__ramsey_baseline__track__m10.0mhz__s20260904,ramsey_baseline,20260904,3,track,verify,True
process__ramsey_baseline__track__m10.0mhz__s20260904,ramsey_baseline,20260904,4,verify,track,True
process__ramsey_baseline__track__m10.0mhz__s20260904,ramsey_baseline,20260904,5,track,verify,True
process__ramsey_baseline__track__m10.0mhz__s20260904,ramsey_baseline,20260904,6,verify,track,True
process__ramsey_baseline__track__m10.0mhz__s20260904,ramsey_baseline,20260904,7,track,verify,True
process__ramsey_baseline__track__m10.0mhz__s20260904,ramsey_baseline,20260904,8,verify,track,True
process__ramsey_baseline__track__m10.0mhz__s20260904,ramsey_baseline,20260904,9,track,verify,True
process__ramsey_baseline__track__m10.0mhz__s20260904,ramsey_baseline,20260904,10,verify,verify,True
process__ramsey_baseline__track__m10.0mhz__s20260904,ramsey_baseline,20260904,11,verify,lock,True
process__ramsey_baseline__track__m10.0mhz__s20260904,ramsey_baseline,20260904,12,lock,verify,True
process__ramsey_baseline__track__m10.0mhz__s20260904,ramsey_baseline,20260904,13,safe_stop,safe_stop,True
process__short_pulse__track__m10.0mhz__s20260905,short_pulse,20260905,0,acquire,track,True
process__short_pulse__track__m10.0mhz__s20260905,short_pulse,20260905,1,track,track,True
process__short_pulse__track__m10.0mhz__s20260905,short_pulse,20260905,2,track,track,True
process__short_pulse__track__m10.0mhz__s20260905,short_pulse,20260905,3,track,verify,True
process__short_pulse__track__m10.0mhz__s20260905,short_pulse,20260905,4,verify,track,True
process__short_pulse__track__m10.0mhz__s20260905,short_pulse,20260905,5,track,verify,True
process__short_pulse__track__m10.0mhz__s20260905,short_pulse,20260905,6,verify,track,True
process__short_pulse__track__m10.0mhz__s20260905,short_pulse,20260905,7,track,verify,True
process__short_pulse__track__m10.0mhz__s20260905,short_pulse,20260905,8,verify,track,True
process__short_pulse__track__m10.0mhz__s20260905,short_pulse,20260905,9,track,verify,True
process__short_pulse__track__m10.0mhz__s20260905,short_pulse,20260905,10,verify,verify,True
process__short_pulse__track__m10.0mhz__s20260905,short_pulse,20260905,11,verify,lock,True
process__short_pulse__track__m10.0mhz__s20260905,short_pulse,20260905,12,lock,verify,True
process__short_pulse__track__m10.0mhz__s20260905,short_pulse,20260905,13,safe_stop,safe_stop,True
process__ramsey_baseline__track__m10.0mhz__s20260905,ramsey_baseline,20260905,0,acquire,track,True
process__ramsey_baseline__track__m10.0mhz__s20260905,ramsey_baseline,20260905,1,track,track,True
process__ramsey_baseline__track__m10.0mhz__s20260905,ramsey_baseline,20260905,2,track,track,True
process__ramsey_baseline__track__m10.0mhz__s20260905,ramsey_baseline,20260905,3,track,verify,True
process__ramsey_baseline__track__m10.0mhz__s20260905,ramsey_baseline,20260905,4,verify,track,True
process__ramsey_baseline__track__m10.0mhz__s20260905,ramsey_baseline,20260905,5,track,verify,True
process__ramsey_baseline__track__m10.0mhz__s20260905,ramsey_baseline,20260905,6,verify,track,True
process__ramsey_baseline__track__m10.0mhz__s20260905,ramsey_baseline,20260905,7,track,track,True
process__ramsey_baseline__track__m10.0mhz__s20260905,ramsey_baseline,20260905,8,track,verify,True
process__ramsey_baseline__track__m10.0mhz__s20260905,ramsey_baseline,20260905,9,verify,verify,True
process__ramsey_baseline__track__m10.0mhz__s20260905,ramsey_baseline,20260905,10,verify,lock,True
process__ramsey_baseline__track__m10.0mhz__s20260905,ramsey_baseline,20260905,11,lock,verify,True
process__ramsey_baseline__track__m10.0mhz__s20260905,ramsey_baseline,20260905,12,safe_stop,safe_stop,True
process__short_pulse__track__m10.0mhz__s20260906,short_pulse,20260906,0,acquire,track,True
process__short_pulse__track__m10.0mhz__s20260906,short_pulse,20260906,1,track,track,True
process__short_pulse__track__m10.0mhz__s20260906,short_pulse,20260906,2,track,track,True
process__short_pulse__track__m10.0mhz__s20260906,short_pulse,20260906,3,track,verify,True
process__short_pulse__track__m10.0mhz__s20260906,short_pulse,20260906,4,verify,verify,True
process__short_pulse__track__m10.0mhz__s20260906,short_pulse,20260906,5,verify,track,True
process__short_pulse__track__m10.0mhz__s20260906,short_pulse,20260906,6,track,verify,True
process__short_pulse__track__m10.0mhz__s20260906,short_pulse,20260906,7,verify,verify,True
process__short_pulse__track__m10.0mhz__s20260906,short_pulse,20260906,8,verify,lock,True
process__short_pulse__track__m10.0mhz__s20260906,short_pulse,20260906,9,lock,verify,True
process__short_pulse__track__m10.0mhz__s20260906,short_pulse,20260906,10,safe_stop,safe_stop,True
process__ramsey_baseline__track__m10.0mhz__s20260906,ramsey_baseline,20260906,0,acquire,track,True
process__ramsey_baseline__track__m10.0mhz__s20260906,ramsey_baseline,20260906,1,track,track,True
process__ramsey_baseline__track__m10.0mhz__s20260906,ramsey_baseline,20260906,2,track,track,True
process__ramsey_baseline__track__m10.0mhz__s20260906,ramsey_baseline,20260906,3,track,verify,True
process__ramsey_baseline__track__m10.0mhz__s20260906,ramsey_baseline,20260906,4,verify,track,True
process__ramsey_baseline__track__m10.0mhz__s20260906,ramsey_baseline,20260906,5,track,verify,True
process__ramsey_baseline__track__m10.0mhz__s20260906,ramsey_baseline,20260906,6,verify,track,True
process__ramsey_baseline__track__m10.0mhz__s20260906,ramsey_baseline,20260906,7,track,track,True
process__ramsey_baseline__track__m10.0mhz__s20260906,ramsey_baseline,20260906,8,track,verify,True
process__ramsey_baseline__track__m10.0mhz__s20260906,ramsey_baseline,20260906,9,verify,track,True
process__ramsey_baseline__track__m10.0mhz__s20260906,ramsey_baseline,20260906,10,track,verify,True
process__ramsey_baseline__track__m10.0mhz__s20260906,ramsey_baseline,20260906,11,verify,verify,True
process__ramsey_baseline__track__m10.0mhz__s20260906,ramsey_baseline,20260906,12,verify,lock,True
process__ramsey_baseline__track__m10.0mhz__s20260906,ramsey_baseline,20260906,13,lock,verify,True
process__ramsey_baseline__track__m10.0mhz__s20260906,ramsey_baseline,20260906,14,safe_stop,safe_stop,True
process__short_pulse__track__m10.0mhz__s20260907,short_pulse,20260907,0,acquire,track,True
process__short_pulse__track__m10.0mhz__s20260907,short_pulse,20260907,1,track,track,True
process__short_pulse__track__m10.0mhz__s20260907,short_pulse,20260907,2,track,track,True
process__short_pulse__track__m10.0mhz__s20260907,short_pulse,20260907,3,track,verify,True
process__short_pulse__track__m10.0mhz__s20260907,short_pulse,20260907,4,verify,track,True
process__short_pulse__track__m10.0mhz__s20260907,short_pulse,20260907,5,track,verify,True
process__short_pulse__track__m10.0mhz__s20260907,short_pulse,20260907,6,verify,track,True
process__short_pulse__track__m10.0mhz__s20260907,short_pulse,20260907,7,track,track,True
process__short_pulse__track__m10.0mhz__s20260907,short_pulse,20260907,8,track,track,True
process__short_pulse__track__m10.0mhz__s20260907,short_pulse,20260907,9,track,verify,True
process__short_pulse__track__m10.0mhz__s20260907,short_pulse,20260907,10,verify,track,True
process__short_pulse__track__m10.0mhz__s20260907,short_pulse,20260907,11,track,verify,True
process__short_pulse__track__m10.0mhz__s20260907,short_pulse,20260907,12,verify,track,True
process__short_pulse__track__m10.0mhz__s20260907,short_pulse,20260907,13,track,verify,True
process__short_pulse__track__m10.0mhz__s20260907,short_pulse,20260907,14,verify,verify,True
process__short_pulse__track__m10.0mhz__s20260907,short_pulse,20260907,15,verify,lock,True
process__short_pulse__track__m10.0mhz__s20260907,short_pulse,20260907,16,lock,verify,True
process__short_pulse__track__m10.0mhz__s20260907,short_pulse,20260907,17,safe_stop,safe_stop,True
process__ramsey_baseline__track__m10.0mhz__s20260907,ramsey_baseline,20260907,0,acquire,track,False
process__ramsey_baseline__track__m10.0mhz__s20260907,ramsey_baseline,20260907,1,track,track,False
process__ramsey_baseline__track__m10.0mhz__s20260907,ramsey_baseline,20260907,2,track,track,False
process__ramsey_baseline__track__m10.0mhz__s20260907,ramsey_baseline,20260907,3,track,verify,False
process__ramsey_baseline__track__m10.0mhz__s20260907,ramsey_baseline,20260907,4,verify,track,False
process__ramsey_baseline__track__m10.0mhz__s20260907,ramsey_baseline,20260907,5,track,verify,False
process__ramsey_baseline__track__m10.0mhz__s20260907,ramsey_baseline,20260907,6,verify,track,False
process__ramsey_baseline__track__m10.0mhz__s20260907,ramsey_baseline,20260907,7,track,verify,False
process__ramsey_baseline__track__m10.0mhz__s20260907,ramsey_baseline,20260907,8,verify,track,False
process__ramsey_baseline__track__m10.0mhz__s20260907,ramsey_baseline,20260907,9,track,verify,False
process__ramsey_baseline__track__m10.0mhz__s20260907,ramsey_baseline,20260907,10,verify,track,False
process__ramsey_baseline__track__m10.0mhz__s20260907,ramsey_baseline,20260907,11,track,verify,False
process__ramsey_baseline__track__m10.0mhz__s20260907,ramsey_baseline,20260907,12,verify,verify,False
process__ramsey_baseline__track__m10.0mhz__s20260907,ramsey_baseline,20260907,13,verify,track,False
process__ramsey_baseline__track__m10.0mhz__s20260907,ramsey_baseline,20260907,14,track,verify,False
process__ramsey_baseline__track__m10.0mhz__s20260907,ramsey_baseline,20260907,15,verify,track,False
process__ramsey_baseline__track__m10.0mhz__s20260907,ramsey_baseline,20260907,16,track,verify,False
process__ramsey_baseline__track__m10.0mhz__s20260907,ramsey_baseline,20260907,17,verify,track,False
process__ramsey_baseline__track__m10.0mhz__s20260907,ramsey_baseline,20260907,18,track,verify,False
process__ramsey_baseline__track__m10.0mhz__s20260907,ramsey_baseline,20260907,19,verify,track,False
process__ramsey_baseline__track__m10.0mhz__s20260907,ramsey_baseline,20260907,20,safe_stop,safe_stop,False
